﻿<?xml version="1.0" encoding="utf-8"?>
<Defs>
  <XenotypeDef>
    <defName>GegeXT_Geniar</defName>
    <label>Geniar</label>
    <description>Designed to be engineers, genies' delicate bones and natural aptitude with machines allow them to manipulate devices with remarkable precision. They are emotionally cold and can follow orders where others might panic. However, they are fragile, and their amplified nerve impulses make them easy to debilitate with relatively little pain. With so much of their brains dedicated to analyzing machines, they lack the neural hardware to analyze emotions, so they sometimes come off as socially inept. Their dead calm makes it even harder for them to relate to what they see as madly-hotheaded baseliner humans.\n\nGenies were engineered thousands of years ago by a long-disbanded space navy to hold engineering positions on large starships. Today, genies still serve as engineers in great cities and fleets, but many can also be found working as lawyers, pilots, and musicians. Some subsets have emerged, such as the Archetectual Geniar, and the intellectual Ieniar</description>
    <descriptionShort>The Geniar have become much worse at more things, and cause less damage. However, their massive boost to Artistic and Construction makes them great archetects and artists.</descriptionShort>
    <iconPath>UI/Icons/Xenotypes/Custom/Genie_1</iconPath>
    <inheritable>false</inheritable>
    <genes>
      <li>VRE_Slow_Diseases</li>
      <li>VRE_Immunity_VeryWeak</li>
      <li>VRE_BlueBlood</li>
      <li>VRE_WoundHealing_VerySlow</li>
      <li>VRE_Hemophiliac</li>
      <li>Aggression_DeadCalm</li>
      <li>MeleeDamage_Weak</li>
      <li>Delicate</li>
      <li>Pain_Extra</li>
      <li>Hair_BaldOnly</li>
      <li>Beard_NoBeardOnly</li>
      <li>Body_Thin</li>
      <li>ElongatedFingers</li>
      <li>VRE_ElongatedHead</li>
      <li>AptitudePoor_Shooting</li>
      <li>AptitudeTerrible_Melee</li>
      <li>VRE_AptitudePhenomenal_Construction</li>
      <li>AptitudeTerrible_Plants</li>
      <li>AptitudePoor_Animals</li>
      <li>VRE_AptitudePhenomenal_Crafting</li>
      <li>VRE_AptitudePhenomenal_Artistic</li>
      <li>AptitudeTerrible_Medicine</li>
      <li>AptitudeTerrible_Social</li>
      <li>AptitudePoor_Intellectual</li>
      <li>VRE_Curiosity_Construction</li>
      <li>AddictionImmune_VRE_Antibiotics</li>
    </genes>
  </XenotypeDef>
</Defs>