﻿<?xml version="1.0" encoding="utf-8"?>
<ModMetaData>
  <name>Superhero Genes+</name>
  <author>CTH2004</author>
  <packageId>cth.moreSuperHeroGenes</packageId>
  <supportedVersions>
    <li>1.4</li>
  </supportedVersions>
  <description>A collection of new, special genes for the wonderful Superhero Genes- Base mod by alite!</description>
  <modDependencies>
    <li>
      <packageId>Ludeon.RimWorld.Biotech</packageId>
      <displayName>Biotech</displayName>
    </li>

    <li>
      <packageId>superherogenesbase.mod</packageId>
      <displayName>Superhero Genes - Base</displayName>
      <steamWorkshopUrl>https://steamcommunity.com/sharedfiles/filedetails/?id=2980061828</steamWorkshopUrl>
    </li>

    <li>
      <packageId>oskarpotocki.vanillafactionsexpanded.core</packageId>
      <displayName>Vanilla Expanded Framework</displayName>
      <steamWorkshopUrl>https://steamcommunity.com/sharedfiles/filedetails/?id=2023507013</steamWorkshopUrl>
    </li>

  </modDependencies>
  <loadAfter>
    <li>morebiotechstylegenes.mod</li>
    <li>superherogenesbase.mod</li>
    <li>ebsg.aio</li>
    <li>ebsg.archite</li>
    <li>redmattis.betterprerequisites</li>
    <li>void.charactereditor</li>
    <li>oskarpotocki.vanillafactionsexpanded.corer</li>
    <li>vanillaexpanded.vpsycastse</li>
    <li>vanillaexpanded.vpe.hemosage</li>
    <li>vanillaexpanded.vpe.puppeteer</li>
    <li>danielwedemeyer.geneticnaturalfocus</li>
  </loadAfter>
  <loadBefore>
    <li>co.uk.epicguru.whatsthatmod</li>
    <li>edb.preparecarefully</li>
  </loadBefore>
</ModMetaData>