﻿<?xml version="1.0" encoding="utf-8"?>
<ModMetaData>
  <name>More Difficulties</name>
  <author>CTH2004</author>
  <packageId>cth.moredifficulties</packageId>
  <supportedVersions>
    <li>1.4</li>
  </supportedVersions>
  <description>Just a simple pack of new difficulties, rangening from ones that fit into rimworld, to ones designed to be hard, to ones that are frankly just using the max numbers to make you hate me</description>
  <modDependencies>
    <li>
      <packageId>ludeon.rimworld</packageId>
      <displayName>Rimworld</displayName>
    </li>

  </modDependencies>
  <loadAfter>
  </loadAfter>
  <loadBefore>
  </loadBefore>
</ModMetaData>