﻿<?xml version="1.0" encoding="utf-8"?>
<Defs>
  <XenotypeDef>
    <defName>MoreSuperXenos_Archi</defName>
    <label>Archi</label>
    <description>T</description>
    <descriptionShort></descriptionShort>
    <iconPath>UI/Icons/Xenotypes/Custom/CustomXenotypeIcon1</iconPath>
    <inheritable>false</inheritable>
    <genes>
      <li>Deathless</li>
      <li>AG_Foodless</li>
      <li>DiseaseFree</li>
      <li>TotalHealing</li>
      <li>AG_Mood_Unfeeling</li>
      <li>AG_Regeneration</li>
      <li>EBSG_MajorGeneticStreamlining</li>
      <li>SuperHeroBase</li>
      <li>SuperGluttony</li>
      <li>UnsuperDurability</li>
      <li>SuperHealing</li>
      <li>UnsuperIntelligence</li>
      <li>UnsuperPerception</li>
      <li>UnsuperPersuasion</li>
      <li>UnsuperPrecision</li>
      <li>UnsuperSpeed</li>
      <li>UnsuperStrength</li>
      <li>EBSG_MajorArchiteHemogenRecovery</li>
      <li>Hemogenic</li>
      <li>HemogenDrainMinor</li>
      <li>HemogenDrainExtreme</li>
      <li>HemogenDrainHyper</li>
      <li>Bloodfeeder</li>
      <li>Coagulate</li>
      <li>LongjumpLegs</li>
      <li>PiercingSpine</li>
      <li>EBSG_MajorArchiteHemogenGain</li>
      <li>EBSG_CavernousStomach</li>
      <li>EBSG_ArchiteDigestion</li>
      <li>EBSG_StrongArchiteMetabolism</li>
      <li>EBSG_ExtremeBloodClotting</li>
      <li>AG_LungRotImmunity</li>
      <li>AG_Clean</li>
      <li>EBSG_VerySlowAging</li>
      <li>EBSG_MajorArchiteCellStability</li>
      <li>EBSG_MajorArchiteCarry</li>
      <li>EBSG_ExtremeArchiteSenses</li>
      <li>AG_ArmourMajor</li>
      <li>EBSG_MajorArchitePsychicSensitivity</li>
      <li>EBSG_InnatePsychicAmplifier</li>
      <li>EBSG_InnatePsychicInsulation</li>
      <li>EBSG_MajorArchiteSpeed</li>
      <li>EBSG_MajorArchiteHappiness</li>
      <li>EBSG_ArchiteMentalFortitude</li>
      <li>EBSG_MajorArchiteColdTolerance</li>
      <li>EBSG_MajorArchiteHeatTolerance</li>
      <li>EBSG_ArchiteToxImmunity</li>
      <li>EBSG_MajorArchiteMeleeDamage</li>
      <li>AG_Enforcer</li>
      <li>EBSG_ArchiteNeverSleep</li>
      <li>EBSG_MajorArchiteRobustness</li>
      <li>EBSG_ArchiteRelentlessness</li>
      <li>Libido_ExtremelyLow</li>
      <li>EBSG_ArchiteFertility</li>
      <li>EBSG_MajorArchiteBeauty</li>
      <li>AG_Beauty_Angelic</li>
      <li>EBSG_Preacher</li>
      <li>EBSG_ArchiteEnchantment</li>
      <li>EBSG_MajorArchiteEnhancedTerrifying</li>
      <li>EBSG_MajorArchiteEnhancedSuave</li>
      <li>EBSG_MajorArchiteEnhancedConvincing</li>
      <li>Hair_ShortOnly</li>
      <li>Hair_LongOnly</li>
      <li>Beard_NoBeardOnly</li>
      <li>Body_Thin</li>
      <li>Hair_InkBlack</li>
      <li>EBSG_MajorArchiteEnhancedCaring</li>
      <li>EBSG_MajorArchiteEnhancedHunting</li>
      <li>EBSG_MajorArchiteEnhancedForaging</li>
      <li>EBSG_MajorArchiteEnhancedHerding</li>
      <li>EBSG_MajorArchiteEnhancedConstruction</li>
      <li>EBSG_MajorArchiteEnhancedCuriosity</li>
      <li>EBSG_MajorArchiteEnhancedBurrowing</li>
      <li>AlphaGenes_ExoticOrganism</li>
      <li>EBSG_EloquentSpeaker</li>
      <li>AG_ChameleonVision</li>
      <li>Hair_Grayless</li>
      <li>EBSG_MajorArchiteLearning</li>
    </genes>
  </XenotypeDef>
</Defs>