﻿<?xml version="1.0" encoding="utf-8"?>
<Defs>
  <XenotypeDef>
    <defName>MoreSuperXenos_Feeder</defName>
    <label>Feeder</label>
    <description>Food for Specific Tastes</description>
    <descriptionShort></descriptionShort>
    <iconPath>UI/Icons/Xenotypes/Custom/CustomXenotypeIcon3</iconPath>
    <inheritable>true</inheritable>
    <genes>
      <li>AG_AsexualFission</li>
      <li>AG_Foodless</li>
      <li>AG_Mood_Unfeeling</li>
      <li>AG_Regeneration</li>
      <li>EBSG_MajorGeneticStreamlining</li>
      <li>SuperHeroBase</li>
      <li>SuperGluttony</li>
      <li>SuperDurability</li>
      <li>AntisuperHealing</li>
      <li>UnsuperHealing</li>
      <li>AntisuperIntelligence</li>
      <li>UnsuperIntelligence</li>
      <li>AntisuperPerception</li>
      <li>UnsuperPerception</li>
      <li>AntisuperPersuasion</li>
      <li>UnsuperPersuasion</li>
      <li>AntisuperPrecision</li>
      <li>UnsuperPrecision</li>
      <li>AntisuperSpeed</li>
      <li>UnsuperSpeed</li>
      <li>AntisuperStrength</li>
      <li>UnsuperStrength</li>
      <li>SHG_LaserImmune</li>
      <li>SHG_LightningImmune</li>
      <li>AG_ReducedRaidPresence</li>
      <li>AG_Female</li>
      <li>AG_WaterBlood</li>
      <li>AG_PukeWater</li>
      <li>EBSG_CavernousStomach</li>
      <li>EBSG_ArchiteDigestion</li>
      <li>AG_EfficientMandibles</li>
      <li>EBSG_StrongArchiteMetabolism</li>
      <li>EBSG_ExtremeBloodClotting</li>
      <li>AG_LungRotImmunity</li>
      <li>AG_Deaf</li>
      <li>AG_Clean</li>
      <li>EBSG_ExtremelyFastAging</li>
      <li>Instability_Hyper</li>
      <li>EBSG_SuperLowCarryCapacity</li>
      <li>EBSG_TerribleVision</li>
      <li>EBSG_NoSmell</li>
      <li>AG_ArmourMajor</li>
      <li>PsychicAbility_Deaf</li>
      <li>EBSG_InnatePsychicAmplifier</li>
      <li>EBSG_InnatePsychicInsulation</li>
      <li>MBSG_MoveSpeed_SuperSlow</li>
      <li>MBSG_SuperClothedSpeed</li>
      <li>EBSG_MajorArchiteHappiness</li>
      <li>EBSG_ArchiteMentalFortitude</li>
      <li>ClimatePreference_SuperCold</li>
      <li>EBSG_MajorArchiteColdTolerance</li>
      <li>AG_HeatSlowness</li>
      <li>AG_HeatRadiating</li>
      <li>ToxResist_Total</li>
      <li>ToxicEnvironmentResistance_Total</li>
      <li>MBSG_FireImmune</li>
      <li>EBSG_FrostbiteImmune</li>
      <li>EBSG_AcidImmune</li>
      <li>Aggression_DeadCalm</li>
      <li>ViolenceDisabled</li>
      <li>EBSG_HyperRecklessBrawler</li>
      <li>AG_ArrestAvoidance</li>
      <li>EBSG_HyperFastSleeper</li>
      <li>EBSG_MajorArchiteRobustness</li>
      <li>EBSG_ExtremeConstantPain</li>
      <li>Tail_Furry</li>
      <li>AG_FoxTail</li>
      <li>AG_Beauty_VeryVeryUgly</li>
      <li>EBSG_ExtremelyTerrifying</li>
      <li>AG_EldritchVisage</li>
      <li>EBSG_HyperSuave</li>
      <li>EBSG_HyperUnconvincing</li>
      <li>Eyes_Gray</li>
      <li>Hair_BaldOnly</li>
      <li>Beard_NoBeardOnly</li>
      <li>VoicePig</li>
      <li>AG_CancerousFace</li>
      <li>AG_CancerousBody</li>
      <li>Body_Hulk</li>
      <li>Hair_Gray</li>
      <li>Skin_LightGray</li>
      <li>EBSG_CaringHyper</li>
      <li>EBSG_HuntingIncapable</li>
      <li>EBSG_ForagingIncapable</li>
      <li>EBSG_HerdingIncapable</li>
      <li>EBSG_ConstructionIncapable</li>
      <li>EBSG_CuriosityIncapable</li>
      <li>EBSG_BurrowingIncapable</li>
      <li>EBSG_Mute</li>
      <li>Hands_Pig</li>
      <li>Furskin</li>
      <li>MBSG_Stoppable</li>
      <li>AptitudeInept_Shooting</li>
      <li>AptitudeInept_Melee</li>
      <li>AddictionImmune_Ambrosia</li>
      <li>AddictionImmune_GoJuice</li>
      <li>AddictionImmune_Psychite</li>
      <li>AddictionImmune_WakeUp</li>
    </genes>
  </XenotypeDef>
</Defs>