﻿<?xml version="1.0" encoding="utf-8"?>
<Defs>
  <XenotypeDef>
    <defName>MoreSuperXenos_Horon</defName>
    <label>Horon</label>
    <description>T</description>
    <descriptionShort></descriptionShort>
    <iconPath>UI/Icons/Xenotypes/AG_Malachai</iconPath>
    <inheritable>false</inheritable>
    <genes>
      <li>SuperHeroBase</li>
      <li>AntisuperDurability</li>
      <li>UnsuperDurability</li>
      <li>AntisuperHealing</li>
      <li>UnsuperHealing</li>
      <li>AntisuperIntelligence</li>
      <li>UnsuperIntelligence</li>
      <li>AntisuperPerception</li>
      <li>UnsuperPerception</li>
      <li>AntisuperPersuasion</li>
      <li>UnsuperPersuasion</li>
      <li>AntisuperPrecision</li>
      <li>UnsuperPrecision</li>
      <li>AntisuperSpeed</li>
      <li>UnsuperSpeed</li>
      <li>AntisuperStrength</li>
      <li>UnsuperStrength</li>
      <li>SHG_SuperPsychicPotential</li>
      <li>SHG_LightningWeakness</li>
      <li>AG_DeadlyRaidPresence</li>
      <li>AG_TarBlood</li>
      <li>AG_BloodVomit</li>
      <li>AG_BoomNodules</li>
      <li>AG_Teratogenesis</li>
      <li>AG_TeratogenicBurst</li>
      <li>Hemogenic</li>
      <li>HemogenDrainVeryMinor</li>
      <li>HemogenDrainMinor</li>
      <li>HemogenDrainSomewhatMinor</li>
      <li>HemogenDrainNotable</li>
      <li>HemogenDrain</li>
      <li>HemogenDrainMajor</li>
      <li>HemogenDrainExtreme</li>
      <li>HemogenDrainHyper</li>
      <li>Bloodfeeder</li>
      <li>Deathrest</li>
      <li>EBSG_HemogenGainLossMajor</li>
      <li>EBSG_VulnerableStomach</li>
      <li>EBSG_NarrowStomach</li>
      <li>MBSG_FrailDigestion</li>
      <li>AG_UnderdevelopedTeeth</li>
      <li>AG_SurvivalInstinct_Low</li>
      <li>EBSG_ExtremeHemophilia</li>
      <li>AG_UnstableMutationCatastrophic</li>
      <li>AG_Deaf</li>
      <li>AG_HardBones</li>
      <li>AG_Filthy</li>
      <li>AG_AcidWeakness</li>
      <li>EBSG_ExtremelyFastAging</li>
      <li>Instability_Hyper</li>
      <li>EBSG_SuperLowCarryCapacity</li>
      <li>EBSG_Blind</li>
      <li>EBSG_BadHearing</li>
      <li>EBSG_NoSmell</li>
      <li>AG_FrailSkin</li>
      <li>AG_PsychicAbility_Masterful</li>
      <li>EBSG_InnatePsychicAmplifier</li>
      <li>EBSG_TerribleMeditationFocus</li>
      <li>EBSG_TerribleEntropyMax</li>
      <li>EBSG_TerribleEntropyRecovery</li>
      <li>MBSG_MoveSpeed_SuperSlow</li>
      <li>AG_SpeedByTemperature</li>
      <li>Mood_ExtremelyDepressive</li>
      <li>EBSG_HyperNervous</li>
      <li>ClimatePreference_SuperCold</li>
      <li>AG_ColdSlowness</li>
      <li>AG_ColdRadiating</li>
      <li>ToxResist_ExtremeWeakness</li>
      <li>ToxEnviromentResist_ExtremeWeakness</li>
      <li>MBSG_UVSensitivity_Hyper</li>
      <li>MBSG_FireWeaknessMajor</li>
      <li>EBSG_FrostbiteWeakness</li>
      <li>EBSG_AcidWeakness</li>
      <li>Aggression_HyperAggressive</li>
      <li>MBSG_MeleeDamage_Abysmal</li>
      <li>AG_Rowdy</li>
      <li>AG_ArrestAvoidance</li>
      <li>ExtremelySleepy</li>
      <li>EBSG_HyperSlowSleeper</li>
      <li>Delicate</li>
      <li>EBSG_ExtremeConstantPain</li>
      <li>Sterile</li>
      <li>AG_NoWings</li>
      <li>AG_SingleWing</li>
      <li>AG_SingleEar</li>
      <li>AG_Beauty_VeryVeryUgly</li>
      <li>EBSG_Unpreachy</li>
      <li>EBSG_Crass</li>
      <li>EBSG_HyperUnimposing</li>
      <li>AG_EldritchVisage</li>
      <li>EBSG_HyperBoorish</li>
      <li>EBSG_HyperUnconvincing</li>
      <li>Eyes_Gray</li>
      <li>Hair_BaldOnly</li>
      <li>Beard_NoBeardOnly</li>
      <li>AG_HivelingVoice</li>
      <li>AG_FaceTentacles</li>
      <li>AG_CancerousFace</li>
      <li>AG_CancerousBody</li>
      <li>Skin_LightGray</li>
      <li>EBSG_HuntingIncapable</li>
      <li>EBSG_ForagingIncapable</li>
      <li>EBSG_HerdingIncapable</li>
      <li>EBSG_ConstructionIncapable</li>
      <li>EBSG_CuriosityIncapable</li>
      <li>EBSG_BurrowingIncapable</li>
      <li>EBSG_Mute</li>
      <li>Hands_Pig</li>
      <li>MBSG_Stoppable</li>
      <li>AptitudeInept_Shooting</li>
      <li>AptitudeInept_Melee</li>
      <li>AptitudeInept_Construction</li>
      <li>AptitudeInept_Mining</li>
      <li>AptitudeInept_Cooking</li>
      <li>AptitudeInept_Plants</li>
      <li>AptitudeInept_Animals</li>
      <li>AptitudeInept_Crafting</li>
      <li>AptitudeInept_Artistic</li>
      <li>AptitudeInept_Medicine</li>
      <li>AptitudeInept_Social</li>
      <li>AptitudeInept_Intellectual</li>
      <li>ChemicalDependency_Alcohol</li>
      <li>ChemicalDependency_Ambrosia</li>
      <li>ChemicalDependency_GoJuice</li>
      <li>ChemicalDependency_Psychite</li>
      <li>ChemicalDependency_Smokeleaf</li>
      <li>ChemicalDependency_WakeUp</li>
    </genes>
  </XenotypeDef>
</Defs>