<?xml version="1.0" encoding="utf-8" ?>
<Def>
	<GeneDef Name="CTH_SHG_PsionicUnblocker_Base" Abstract="True">
		<displayCategory>CTH_SHG_PsionUnlock</displayCategory>
		<prerequisite>SHG_Archetypes_Psionist</prerequisite>
		<biostatMet>-3</biostatMet>
		<biostatCpx>1</biostatCpx>
		<displayOrderInCategory>0</displayOrderInCategory>
		<marketValueFactor>1.5</marketValueFactor>
	</GeneDef>

	<GeneDef Name="CTH_SHG_PsionUnblockerPath_Base" ParentName="CTH_SHG_PsionicUnblocker_Base" Abstract="True">
		<displayCategory>CTH_SHG_PsionUnlock</displayCategory>
		<biostatArc>1</biostatArc>
		<prerequisite>CTH_SHG_PsionicUnblocker</prerequisite>
		<displayOrderInCategory>1</displayOrderInCategory>
		<marketValueFactor>1.3</marketValueFactor>
		<statFactors>
			<PsychicSensitivity>1.10</PsychicSensitivity>
		</statFactors>
	</GeneDef>

	<GeneDef Name="CTH_SHG_TribalUnblockerPath" ParentName="CTH_SHG_TribalUnblockerPath_Base" Abstract="True">
		<displayCategory>CTH_SHG_PsionUnlock</displayCategory>
		<biostatArc>1</biostatArc>
		<biostatMet>-3</biostatMet>
		<biostatCpx>1</biostatCpx>
		<prerequisite>CTH_SHG_PsionicUnblocker</prerequisite>
		<displayOrderInCategory>3</displayOrderInCategory>
		<marketValueFactor>1.3</marketValueFactor>
		<statFactors>
			<PsychicSensitivity>1.10</PsychicSensitivity>
		</statFactors>
	</GeneDef>

	<GeneDef Name="CTH_SHG_Unblocked_base" ParentName="CTH_SHG_PsionicUnblocker_Base" Abstract="True">
		<biostatMet>-1</biostatMet>
		<marketValueFactor>1.1</marketValueFactor>
		<statFactors>
			<PsychicSensitivity>0.95</PsychicSensitivity>
		</statFactors>
	</GeneDef>


	<GeneDef Name="CTH_SHG_RoyalUnblocked_base" ParentName="CTH_SHG_Unblocked_base" Abstract="True">
		<displayOrderInCategory>2</displayOrderInCategory>
		<prerequisite>CTH_SHG_RoyalUnblocker</prerequisite>
	</GeneDef>


	<GeneDef Name="CTH_SHG_TribalUnblocked_base" ParentName="CTH_SHG_Unblocked_base" Abstract="True">
		<displayOrderInCategory>4</displayOrderInCategory>
		<prerequisite>CTH_SHG_TribalUnblocker</prerequisite>
		<statFactors>
			<PsychicSensitivity>1</PsychicSensitivity>
		</statFactors>
	</GeneDef>


	<GeneDef Name="CTH_SHG_HemoUnblocked_base" ParentName="CTH_SHG_Unblocked_base" Abstract="True">
		<displayOrderInCategory>6</displayOrderInCategory>
		<prerequisite>CTH_SHG_HemoUnblocker</prerequisite>
	</GeneDef>
</Def>