<?xml version="1.0" encoding="utf-8" ?>
<Def>
	<GeneDef ParentName="CTH_SHG_PsionicUnblocker_Base">
		<defName>CTH_SHG_PsionicUnblocker</defName>
		<biostatMet>-5</biostatMet>
		<biostatArc>5</biostatArc>
		<label>Psionic Ublocker</label>
		<description>Psionic Unblocked Supers can access psycasts that they normally couldn't\n\nAny number of Superhero Psionic paths can be taken at the same time. The only limiting factor is metabolic efficiency.</description>
		<iconPath></iconPath>
	</GeneDef>

	<GeneDef ParentName="CTH_SHG_PsionUnblockerPath_Base">
		<defName>CTH_SHG_RoyalUnblocker</defName>
		<label>Sophian Ublocker</label>
		<description>These Psions have the neural hardware to \n\nAny number of Superhero Psionic paths can be taken at the same time. The only limiting factor is metabolic efficiency.</description>
		<iconPath></iconPath>
		<displayOrderInCategory>1</displayOrderInCategory>
	</GeneDef>

	<GeneDef ParentName="CTH_SHG_TribalUnblockerPath">
		<defName>CTH_SHG_TribalUnblocker</defName>
		<label>Tribal Ublocker</label>
	        <customEffectDescriptions>
            <li>Unblocks Tribal Psycasts</li>
        </customEffectDescriptions>
		<description>These Psions have the neural hardware to be able to cast and maintain Tribal-based psycasts, no matter their background.\n\nAny number of Superhero Psionic paths can be taken at the same time. The only limiting factor is metabolic efficiency"</description>
		<iconPath></iconPath>
		<displayOrderInCategory>3</displayOrderInCategory>
	</GeneDef>
</Def>